language,test,runs,timeMs
BareScript (C),mandelbrot,11,109
BareScript (C),schemaParse,2400,192
BareScript (C),schemaValidate,1200,132
BareScript (C),markdownParse,480,141
BareScript (C),markdownElements,2400,244
BareScript (C),qrcodeMatrix,150,131
BareScript (C),urlEncode,38400,150
BareScript (C),urlDecode,19200,101
C,mandelbrot,1,1.47021
BareScript (C),testSuite,1000,170
BareScript (C),mandelbrot,17,159
BareScript (C),schemaParse,2400,193
BareScript (C),schemaValidate,1200,133
BareScript (C),markdownParse,608,177
BareScript (C),markdownElements,1200,122
BareScript (C),qrcodeMatrix,150,131
BareScript (C),urlEncode,38400,152
BareScript (C),urlDecode,19200,101
C,mandelbrot,1,0.788818
BareScript (C),testSuite,1000,150
BareScript (C),mandelbrot,17,163
BareScript (C),schemaParse,2400,194
BareScript (C),schemaValidate,1200,133
BareScript (C),markdownParse,480,140
BareScript (C),markdownElements,2400,243
BareScript (C),qrcodeMatrix,176,154
BareScript (C),urlEncode,38400,149
BareScript (C),urlDecode,19200,100
C,mandelbrot,1,0.788086
BareScript (C),testSuite,1000,160
BareScript (C),mandelbrot,17,161
BareScript (C),schemaParse,2400,193
BareScript (C),schemaValidate,1200,134
BareScript (C),markdownParse,480,141
BareScript (C),markdownElements,1200,123
BareScript (C),qrcodeMatrix,150,131
BareScript (C),urlEncode,40800,160
BareScript (C),urlDecode,38400,204
C,mandelbrot,1,0.788818
BareScript (C),testSuite,1000,160
BareScript (C),mandelbrot,17,160
BareScript (C),schemaParse,2400,192
BareScript (C),schemaValidate,1200,133
BareScript (C),markdownParse,608,174
BareScript (C),markdownElements,1200,121
BareScript (C),qrcodeMatrix,150,130
BareScript (C),urlEncode,38400,146
BareScript (C),urlDecode,38400,198
C,mandelbrot,1,0.788818
BareScript (C),testSuite,1000,160
BareScript (JS),mandelbrot,1,260
BareScript (JS),schemaParse,150,154
BareScript (JS),schemaValidate,75,134
BareScript (JS),markdownParse,75,132
BareScript (JS),markdownElements,300,166
BareScript (JS),qrcodeMatrix,17,123
BareScript (JS),urlEncode,3750,162
BareScript (JS),urlDecode,2400,178
JavaScript,mandelbrot,1,1.5889999999999986
JavaScript,schemaParse,250,17.787416
JavaScript,schemaValidate,250,14.043708000000002
JavaScript,markdownParse,250,98.71825000000001
JavaScript,markdownElements,1000,28.579207999999994
JavaScript,urlEncode,2000,4.494916999999987
JavaScript,urlDecode,2000,9.409124999999989
BareScript (JS),testSuite,1000,1950
BareScript (JS),mandelbrot,1,263
BareScript (JS),schemaParse,150,156
BareScript (JS),schemaValidate,75,134
BareScript (JS),markdownParse,150,264
BareScript (JS),markdownElements,272,152
BareScript (JS),qrcodeMatrix,17,121
BareScript (JS),urlEncode,3584,156
BareScript (JS),urlDecode,1500,114
JavaScript,mandelbrot,1,1.5472500000000018
JavaScript,schemaParse,250,17.49875
JavaScript,schemaValidate,250,13.951042000000001
JavaScript,markdownParse,250,100.19733399999998
JavaScript,markdownElements,1000,28.908416999999986
JavaScript,urlEncode,2000,4.622833000000014
JavaScript,urlDecode,2000,9.350833999999992
BareScript (JS),testSuite,1000,1960
BareScript (JS),mandelbrot,1,266
BareScript (JS),schemaParse,150,154
BareScript (JS),schemaValidate,75,135
BareScript (JS),markdownParse,75,131
BareScript (JS),markdownElements,272,152
BareScript (JS),qrcodeMatrix,17,121
BareScript (JS),urlEncode,2400,104
BareScript (JS),urlDecode,1650,127
JavaScript,mandelbrot,1,1.5422499999999992
JavaScript,schemaParse,250,18.131083
JavaScript,schemaValidate,250,14.067084000000001
JavaScript,markdownParse,250,99.884375
JavaScript,markdownElements,1000,28.941000000000003
JavaScript,urlEncode,2000,4.614332999999988
JavaScript,urlDecode,2000,9.544749999999993
BareScript (JS),testSuite,1000,1950
BareScript (JS),mandelbrot,1,261
BareScript (JS),schemaParse,150,157
BareScript (JS),schemaValidate,75,134
BareScript (JS),markdownParse,75,133
BareScript (JS),markdownElements,272,152
BareScript (JS),qrcodeMatrix,17,122
BareScript (JS),urlEncode,3750,163
BareScript (JS),urlDecode,2400,178
JavaScript,mandelbrot,1,1.5417079999999999
JavaScript,schemaParse,250,17.695375000000002
JavaScript,schemaValidate,250,14.103958999999996
JavaScript,markdownParse,250,99.214042
JavaScript,markdownElements,1000,29.447832999999974
JavaScript,urlEncode,2000,4.536375000000021
JavaScript,urlDecode,2000,9.554333000000014
BareScript (JS),testSuite,1000,1970
BareScript (JS),mandelbrot,1,274
BareScript (JS),schemaParse,150,154
BareScript (JS),schemaValidate,75,133
BareScript (JS),markdownParse,75,133
BareScript (JS),markdownElements,300,166
BareScript (JS),qrcodeMatrix,17,124
BareScript (JS),urlEncode,3300,145
BareScript (JS),urlDecode,1500,111
JavaScript,mandelbrot,1,1.5544590000000014
JavaScript,schemaParse,250,17.683833999999997
JavaScript,schemaValidate,250,14.208708000000001
JavaScript,markdownParse,250,99.070792
JavaScript,markdownElements,1000,29.517957999999993
JavaScript,urlEncode,2000,4.459625000000017
JavaScript,urlDecode,2000,9.509250000000009
BareScript (JS),testSuite,1000,1980
BareScript (PyC),mandelbrot,1,113
BareScript (PyC),schemaParse,150,167
BareScript (PyC),schemaValidate,150,159
BareScript (PyC),markdownParse,25,155
BareScript (PyC),markdownElements,300,164
BareScript (PyC),qrcodeMatrix,17,144
BareScript (PyC),urlEncode,2400,125
BareScript (PyC),urlDecode,1200,134
BareScript (Py),mandelbrot,1,3534
BareScript (Py),schemaParse,17,151
BareScript (Py),schemaValidate,11,156
BareScript (Py),markdownParse,9,155
BareScript (Py),markdownElements,38,161
BareScript (Py),qrcodeMatrix,3,217
BareScript (Py),urlEncode,400,150
BareScript (Py),urlDecode,150,100
Python,mandelbrot,1,46.650999999999996
Python,schemaParse,250,42.475
Python,schemaValidate,250,52.437
Python,urlEncode,2000,20.830000000000002
Python,urlDecode,2000,23.751
BareScript (PyC),testSuite,1000,8380
BareScript (Py),testSuite,1000,12400
BareScript (PyC),mandelbrot,1,113
BareScript (PyC),schemaParse,150,166
BareScript (PyC),schemaValidate,150,158
BareScript (PyC),markdownParse,22,145
BareScript (PyC),markdownElements,300,164
BareScript (PyC),qrcodeMatrix,19,160
BareScript (PyC),urlEncode,2400,124
BareScript (PyC),urlDecode,1200,134
BareScript (Py),mandelbrot,1,3564
BareScript (Py),schemaParse,17,152
BareScript (Py),schemaValidate,11,157
BareScript (Py),markdownParse,9,155
BareScript (Py),markdownElements,38,162
BareScript (Py),qrcodeMatrix,3,218
BareScript (Py),urlEncode,400,149
BareScript (Py),urlDecode,150,100
Python,mandelbrot,1,46.803999999999995
Python,schemaParse,250,42.99
Python,schemaValidate,250,51.793
Python,urlEncode,2000,20.972
Python,urlDecode,2000,23.532999999999998
BareScript (PyC),testSuite,1000,8330
BareScript (Py),testSuite,1000,12440
BareScript (PyC),mandelbrot,1,116
BareScript (PyC),schemaParse,150,168
BareScript (PyC),schemaValidate,150,157
BareScript (PyC),markdownParse,25,154
BareScript (PyC),markdownElements,300,166
BareScript (PyC),qrcodeMatrix,17,145
BareScript (PyC),urlEncode,2400,126
BareScript (PyC),urlDecode,1200,134
BareScript (Py),mandelbrot,1,3608
BareScript (Py),schemaParse,15,141
BareScript (Py),schemaValidate,10,149
BareScript (Py),markdownParse,9,163
BareScript (Py),markdownElements,38,168
BareScript (Py),qrcodeMatrix,2,151
BareScript (Py),urlEncode,400,156
BareScript (Py),urlDecode,150,103
Python,mandelbrot,1,49.438
Python,schemaParse,250,44.144999999999996
Python,schemaValidate,250,53.479
Python,urlEncode,2000,21.395
Python,urlDecode,2000,24.264
BareScript (PyC),testSuite,1000,8460
BareScript (Py),testSuite,1000,12440
BareScript (PyC),mandelbrot,1,115
BareScript (PyC),schemaParse,150,166
BareScript (PyC),schemaValidate,150,159
BareScript (PyC),markdownParse,25,153
BareScript (PyC),markdownElements,300,165
BareScript (PyC),qrcodeMatrix,17,145
BareScript (PyC),urlEncode,2400,125
BareScript (PyC),urlDecode,1200,134
BareScript (Py),mandelbrot,1,3566
BareScript (Py),schemaParse,17,152
BareScript (Py),schemaValidate,11,158
BareScript (Py),markdownParse,9,156
BareScript (Py),markdownElements,38,162
BareScript (Py),qrcodeMatrix,3,218
BareScript (Py),urlEncode,400,149
BareScript (Py),urlDecode,150,100
Python,mandelbrot,1,46.864999999999995
Python,schemaParse,250,42.144
Python,schemaValidate,250,51.882
Python,urlEncode,2000,21.009
Python,urlDecode,2000,23.484
BareScript (PyC),testSuite,1000,8410
BareScript (Py),testSuite,1000,12470
BareScript (PyC),mandelbrot,1,113
BareScript (PyC),schemaParse,150,167
BareScript (PyC),schemaValidate,150,157
BareScript (PyC),markdownParse,25,153
BareScript (PyC),markdownElements,300,162
BareScript (PyC),qrcodeMatrix,19,161
BareScript (PyC),urlEncode,2400,125
BareScript (PyC),urlDecode,1200,134
BareScript (Py),mandelbrot,1,3536
BareScript (Py),schemaParse,17,153
BareScript (Py),schemaValidate,11,159
BareScript (Py),markdownParse,9,157
BareScript (Py),markdownElements,38,163
BareScript (Py),qrcodeMatrix,3,218
BareScript (Py),urlEncode,400,151
BareScript (Py),urlDecode,150,100
Python,mandelbrot,1,46.961999999999996
Python,schemaParse,250,43.435
Python,schemaValidate,250,52.061
Python,urlEncode,2000,21.034
Python,urlDecode,2000,23.878
BareScript (PyC),testSuite,1000,8360
BareScript (Py),testSuite,1000,12410
